"well_id","depth_m","temperature_c"
"1","850","29.5"
"2","1025","34.75"
"3","1190","39.7"
"4","1375","45.25"
"5","1540","50.2"
"6","1685","54.55"
"7","1830","58.9"
"8","1975","63.25"
"9","2140","68.2"
"10","2295","72.85"
"11","2450","77.5"
"12","2615","82.45"
"13","2780","87.4"
"14","2940","92.2"
"15","3095","96.85"
"16","3260","101.8"
"17","3425","106.75"
"18","3580","111.4"
"19","3745","116.35"
"20","3910","121.3"
"21","4070","126.1"
"22","4235","131.05"
"23","4390","135.7"
"24","4555","140.65"
"25","4720","145.6"
"26","4885","150.55"
"27","5040","155.2"
"28","5195","159.85"
"29","5350","164.5"
"30","5515","169.45"
"31","5670","174.1"
"32","5835","179.05"
"33","5990","183.7"
"34","6155","188.65"
"35","6320","193.6"
"36","6485","198.55"
"37","6640","203.2"
"38","6795","207.85"
"39","6960","212.8"
"40","7125","217.75"
"41","7280","222.4"
"42","7445","227.35"
"43","7600","232"
"44","7765","236.95"
"45","7920","241.6"
"46","8085","246.55"
"47","8240","251.2"
"48","8395","255.85"
"49","8560","260.8"
"50","8725","265.75"
